,Accuracy,cohen_kappa
LDA,41.616405307599514,0.32001749797957657
Bayes,38.600723763570564,0.282370555935733
